-- =============================================================================
-- TEKO-BOARD シードデータ
-- 作成日: 2025-12-17
-- =============================================================================

-- =============================================================================
-- サンプルワーカー
-- =============================================================================
INSERT INTO teko_workers (id, name, company_name, skills, phone) VALUES
  ('w0000001-0000-0000-0000-000000000001', 'TEKO', 'UGOKU株式会社', ARRAY['garbage']::text[], '090-0000-0001'),
  ('w0000001-0000-0000-0000-000000000002', 'トラ（堀川寿人）', 'Tiger Management', ARRAY['management']::text[], '090-0000-0002'),
  ('w0000001-0000-0000-0000-000000000003', '三十興業', '三十興業', ARRAY['interior', 'light_steel', 'board', 'wallpaper']::text[], '090-0000-0003'),
  ('w0000001-0000-0000-0000-000000000004', 'S-TEC', 'S-TEC', ARRAY['demolition']::text[], '090-0000-0004'),
  ('w0000001-0000-0000-0000-000000000005', '神城電気', '神城電気', ARRAY['electrical']::text[], '090-0000-0005');

-- =============================================================================
-- サンプル現場
-- =============================================================================
INSERT INTO teko_sites (id, name, address) VALUES
  ('s0000001-0000-0000-0000-000000000001', '宇都宮ソフトバンク', '宇都宮市○○町1-2-3'),
  ('s0000001-0000-0000-0000-000000000002', 'クレープ屋', '東京都渋谷区○○1-1'),
  ('s0000001-0000-0000-0000-000000000003', '赤羽居酒屋', '東京都北区赤羽○○'),
  ('s0000001-0000-0000-0000-000000000004', '町屋', '東京都荒川区町屋○○');

-- =============================================================================
-- サンプル配置スケジュール
-- =============================================================================
INSERT INTO teko_assignments (worker_id, site_id, date, start_time, end_time, work_type) VALUES
  ('w0000001-0000-0000-0000-000000000001', 's0000001-0000-0000-0000-000000000001', CURRENT_DATE, '09:00', '12:00', 'garbage'),
  ('w0000001-0000-0000-0000-000000000001', 's0000001-0000-0000-0000-000000000004', CURRENT_DATE, '14:00', '17:00', 'garbage'),
  ('w0000001-0000-0000-0000-000000000002', 's0000001-0000-0000-0000-000000000001', CURRENT_DATE, '09:00', '18:00', 'management'),
  ('w0000001-0000-0000-0000-000000000003', 's0000001-0000-0000-0000-000000000003', CURRENT_DATE, '13:00', '20:00', 'interior'),
  ('w0000001-0000-0000-0000-000000000004', 's0000001-0000-0000-0000-000000000004', CURRENT_DATE, '08:00', '15:00', 'demolition'),
  ('w0000001-0000-0000-0000-000000000005', 's0000001-0000-0000-0000-000000000004', CURRENT_DATE, '14:00', '18:00', 'electrical');

-- =============================================================================
-- サンプル連絡先
-- =============================================================================
INSERT INTO teko_contacts (company_name, contact_name, phone, category) VALUES
  ('三十興業', '三十さん', '090-0000-0003', 'interior'),
  ('S-TEC', '佐藤さん', '090-0000-0004', 'demolition'),
  ('神城電気', '神城さん', '090-0000-0005', 'electrical'),
  ('Tiger Management', '堀川寿人', '090-0000-0002', 'management'),
  ('UGOKU株式会社', '染谷雅人', '090-0000-0001', 'garbage');
